,client_id,district_id,A4,A6,A12,amount,payments,average_trans_amount,card_id,classic,status
0,13539,1,1204953,0,0.29,274740,4579.0,11166.87180385289,1223.0,0,0
1,11126,1,1204953,0,0.29,38148,3179.0,5386.022258592471,0.0,0,0
2,2,1,1204953,0,0.29,80952,3373.0,6593.052928870293,0.0,0,0
3,9173,1,1204953,0,0.29,80952,3373.0,6605.885774058577,0.0,0,0
4,3001,1,1204953,0,0.29,24516,2043.0,12940.828464419475,0.0,0,0
5,13657,1,1204953,0,0.29,108144,3004.0,11284.766869918698,0.0,0,0
6,1944,1,1204953,0,0.29,78936,6578.0,3259.680160320641,0.0,0,0
7,12464,1,1204953,0,0.29,215388,5983.0,7253.251879699248,0.0,0,1
8,9945,1,1204953,0,0.29,208320,4340.0,9533.832451923077,0.0,0,0
9,10555,1,1204953,0,0.29,288360,4806.0,6030.210089020772,0.0,0,0
10,9702,1,1204953,0,0.29,91584,3816.0,11498.813387978142,0.0,0,0
11,11409,1,1204953,0,0.29,39576,3298.0,8694.947433903577,1100.0,0,0
12,512,1,1204953,0,0.29,252060,4201.0,6998.74617117117,0.0,0,1
13,13412,1,1204953,0,0.29,131292,3647.0,7146.399347826087,0.0,0,0
14,11574,1,1204953,0,0.29,120888,3358.0,6206.530394431555,0.0,0,0
15,6178,1,1204953,0,0.29,323472,6739.0,9866.774392935982,823.0,1,0
16,7299,1,1204953,0,0.29,11736,489.0,5635.808793103449,0.0,0,0
17,7241,1,1204953,0,0.29,61056,1272.0,4734.439433551199,0.0,0,0
18,8610,1,1204953,0,0.29,48672,1352.0,1315.5744268077601,0.0,0,0
19,9933,1,1204953,0,0.29,140400,3900.0,12672.645475113122,1025.0,1,0
20,12859,1,1204953,0,0.29,482940,8049.0,3753.9239130434785,0.0,0,1
21,3576,1,1204953,0,0.29,31248,2604.0,11484.25308056872,0.0,0,0
22,4520,1,1204953,0,0.29,76380,6365.0,3044.824465558195,0.0,0,0
23,7390,1,1204953,0,0.29,270648,7518.0,7433.610784313726,0.0,0,1
24,11866,1,1204953,0,0.29,76416,3184.0,6509.8316981132075,0.0,0,0
25,4433,1,1204953,0,0.29,316140,5269.0,3866.6541062801934,0.0,0,1
26,13548,1,1204953,0,0.29,168984,7041.0,10103.73486973948,0.0,0,1
27,9418,1,1204953,0,0.29,31728,1322.0,4838.523094688222,0.0,0,0
28,4527,1,1204953,0,0.29,18564,1547.0,5503.64,0.0,0,0
29,11662,1,1204953,0,0.29,36396,3033.0,9881.049779735682,0.0,0,0
30,12181,1,1204953,0,0.29,36168,3014.0,5207.999214659686,0.0,0,0
31,12416,1,1204953,0,0.29,231696,6436.0,9992.61404255319,0.0,0,0
32,13955,1,1204953,0,0.29,419880,6998.0,13017.671710526316,0.0,0,0
33,6987,1,1204953,0,0.29,31176,1299.0,5959.416831683168,0.0,0,0
34,10963,1,1204953,0,0.29,125340,2089.0,9901.123991507431,0.0,0,0
35,10282,1,1204953,0,0.29,247728,5161.0,7587.209734513274,1043.0,0,0
36,6299,1,1204953,0,0.29,320976,6687.0,13399.673089700997,833.0,1,1
37,2746,1,1204953,0,0.29,20196,561.0,8081.111888111888,0.0,0,0
38,6033,1,1204953,0,0.29,258444,7179.0,10195.773300970874,0.0,0,0
39,2592,1,1204953,0,0.29,71460,1985.0,7506.293859649123,413.0,0,0
40,13231,1,1204953,0,0.29,68832,1912.0,6292.373061224489,0.0,0,0
41,2550,1,1204953,0,0.29,101520,8460.0,5007.847567567568,0.0,0,0
42,3907,1,1204953,0,0.29,77184,2144.0,11790.417424242425,0.0,0,0
43,11114,1,1204953,0,0.29,70656,1472.0,4368.276806083651,0.0,0,0
44,7765,1,1204953,0,0.29,110136,4589.0,10719.853688524589,0.0,0,0
45,11709,1,1204953,0,0.29,228276,6341.0,6025.8251497005995,0.0,0,0
46,2720,1,1204953,0,0.29,415800,6930.0,12953.861904761905,0.0,0,0
47,8200,1,1204953,0,0.29,17184,1432.0,3228.951171875,0.0,0,0
48,9505,1,1204953,0,0.29,94488,3937.0,10876.403875968994,0.0,0,0
49,11545,1,1204953,0,0.29,99936,4164.0,8033.488472622478,1105.0,1,0
50,6039,1,1204953,0,0.29,165168,4588.0,8620.774308300395,820.0,1,0
51,3471,1,1204953,0,0.29,268320,4472.0,4333.3913294797685,0.0,0,0
52,8030,1,1204953,0,0.29,100260,1671.0,10793.659139784946,936.0,1,0
53,7772,1,1204953,0,0.29,34572,2881.0,9941.227586206896,0.0,0,0
54,10813,1,1204953,0,0.29,88272,1839.0,3912.7635416666667,0.0,0,0
55,12382,1,1204953,0,0.29,77808,6484.0,11947.690972222223,0.0,0,0
56,861,1,1204953,0,0.29,76944,6412.0,9901.693950177936,151.0,1,0
57,7959,1,1204953,0,0.29,390660,6511.0,14761.070089285715,933.0,0,0
58,4417,1,1204953,0,0.29,271584,5658.0,12413.416161616162,680.0,1,0
59,13134,1,1204953,0,0.29,197808,8242.0,17554.728448275862,1199.0,1,0
60,13694,1,1204953,0,0.29,44940,3745.0,11159.265131578948,1234.0,1,0
61,2316,1,1204953,0,0.29,44952,1873.0,8166.449537037038,0.0,0,0
62,13803,1,1204953,0,0.29,89280,7440.0,12635.164739884392,0.0,0,0
63,8661,1,1204953,0,0.29,203940,3399.0,8350.809395973154,0.0,0,0
64,12328,1,1204953,0,0.29,218064,4543.0,8411.594736842106,1150.0,1,0
65,4768,1,1204953,0,0.29,63576,5298.0,9966.864566929135,0.0,0,0
66,5563,1,1204953,0,0.29,66696,2779.0,14029.16693548387,795.0,1,0
67,10997,1,1204953,0,0.29,566640,9444.0,4270.2545,0.0,0,0
68,2267,1,1204953,0,0.29,37944,1054.0,9041.925443786982,355.0,1,0
69,3072,1,1204953,0,0.29,428784,8933.0,3644.0614583333336,0.0,0,0
70,12802,1,1204953,0,0.29,194280,3238.0,5957.950961538461,1175.0,1,0
71,11768,1,1204953,0,0.29,157068,4363.0,11534.259090909092,0.0,0,0
72,11874,1,1204953,0,0.29,279072,5814.0,12456.662937062938,0.0,0,0
73,10828,1,1204953,0,0.29,74352,3098.0,10743.861780104711,0.0,0,0
74,13098,1,1204953,0,0.29,45720,3810.0,9059.65167785235,0.0,0,0
75,3163,1,1204953,0,0.29,136344,5681.0,4816.7519553072625,0.0,0,0
76,7324,1,1204953,0,0.29,5148,429.0,7497.503174603175,0.0,0,0
77,8568,1,1204953,0,0.29,234336,4882.0,8017.963677130045,0.0,0,0
78,4993,1,1204953,0,0.29,212976,5916.0,10934.232432432433,0.0,0,0
79,2277,1,1204953,0,0.29,209040,8710.0,6418.404347826086,357.0,0,0
80,11130,1,1204953,0,0.29,321936,6707.0,4143.294174757281,0.0,0,0
81,4656,1,1204953,0,0.29,74916,2081.0,12611.066990291261,0.0,0,0
82,6892,1,1204953,0,0.29,99216,2756.0,12802.759595959595,0.0,0,0
83,3984,1,1204953,0,0.29,276084,7669.0,10670.768387096774,623.0,1,0
84,5701,2,88884,26,1.67,107640,4485.0,10215.467422096317,0.0,0,0
85,10479,2,88884,26,1.67,85860,1431.0,3307.3130331753555,1055.0,1,0
86,9582,2,88884,26,1.67,77544,2154.0,12036.847337278106,1003.0,1,0
87,3284,2,88884,26,1.67,93888,2608.0,12418.697604790419,0.0,0,0
88,2759,2,88884,26,1.67,314688,6556.0,14780.366666666667,436.0,1,0
89,13090,2,88884,26,1.67,208332,5787.0,15529.61411042945,0.0,0,0
90,7678,3,75232,26,1.95,270384,5633.0,11302.852482269504,0.0,0,0
91,5565,3,75232,26,1.95,66696,2779.0,9366.161744966443,0.0,0,1
92,4474,3,75232,26,1.95,460980,7683.0,7604.597029702971,0.0,0,1
93,4024,3,75232,26,1.95,19248,1604.0,6557.440853658537,0.0,0,0
94,3546,3,75232,26,1.95,504000,8400.0,4319.995477386935,0.0,0,0
95,8356,3,75232,26,1.95,139488,5812.0,13213.304629629629,0.0,0,0
96,10459,4,149893,29,4.64,21072,878.0,2002.9358455882355,0.0,0,0
97,9236,4,149893,29,4.64,63312,1319.0,1556.713140311804,0.0,0,0
98,1157,4,149893,29,4.64,189060,3151.0,11889.723848238482,189.0,1,0
99,5606,4,149893,29,4.64,402000,6700.0,3093.8408921933083,0.0,0,0
100,6469,4,149893,29,4.64,68340,1139.0,8400.546441947565,0.0,0,0
101,12376,4,149893,29,4.64,233424,6484.0,9471.40775862069,0.0,0,0
102,6363,4,149893,29,4.64,129312,5388.0,12308.34721030043,0.0,0,1
103,2834,5,95616,30,3.85,199680,3328.0,6712.4895,0.0,0,0
104,981,5,95616,30,3.85,538500,8975.0,7265.109695290859,0.0,0,0
105,6803,5,95616,30,3.85,285600,4760.0,13825.125153374232,0.0,0,0
106,8670,5,95616,30,3.85,155640,6485.0,5544.45972972973,0.0,0,0
107,13852,5,95616,30,3.85,67320,1870.0,3450.2567656765677,0.0,0,0
108,5873,5,95616,30,3.85,76080,6340.0,10388.822988505746,813.0,0,0
109,7567,5,95616,30,3.85,87360,3640.0,11291.70202020202,896.0,1,0
110,7065,5,95616,30,3.85,177804,4939.0,10415.95028901734,0.0,0,0
111,6235,5,95616,30,3.85,22356,621.0,2772.678846153846,0.0,0,0
112,2430,5,95616,30,3.85,290820,4847.0,5134.0,378.0,1,0
113,7291,6,77963,23,2.95,464520,7742.0,10133.123356009071,0.0,0,1
114,6122,6,77963,23,2.95,317520,5292.0,5691.730100334448,0.0,0,0
115,3038,6,77963,23,2.95,466608,9721.0,6497.317452830189,0.0,0,0
116,2291,6,77963,23,2.95,57360,4780.0,6726.546987951807,0.0,0,1
117,7348,6,77963,23,2.95,360864,7518.0,11366.441818181818,0.0,0,1
118,1985,6,77963,23,2.95,64224,2676.0,6832.374545454545,0.0,0,0
119,7843,6,77963,23,2.95,104964,8747.0,6680.21186440678,0.0,0,0
120,4956,6,77963,23,2.95,151200,4200.0,14886.25,0.0,0,0
121,1197,6,77963,23,2.95,108720,1812.0,11316.675238095237,196.0,1,0
122,3251,7,94725,28,2.26,91632,7636.0,5805.581606765328,0.0,0,0
123,4584,7,94725,28,2.26,63252,5271.0,8711.622,0.0,0,0
124,11683,7,94725,28,2.26,225504,4698.0,11606.552340425531,1115.0,0,0
125,13923,7,94725,28,2.26,39168,1632.0,7465.088,0.0,0,0
126,7855,7,94725,28,2.26,38496,3208.0,7720.326530612245,923.0,1,0
127,8666,7,94725,28,2.26,99744,4156.0,8561.956756756756,0.0,0,0
128,12325,8,112065,19,1.25,194940,5415.0,10427.723199999999,0.0,0,0
129,5684,8,112065,19,1.25,97176,4049.0,16946.34836601307,801.0,1,0
130,568,8,112065,19,1.25,196800,8200.0,17553.445283018867,0.0,0,1
131,11911,8,112065,19,1.25,31620,527.0,4835.309316770186,0.0,0,0
132,4722,8,112065,19,1.25,96984,2694.0,5693.385106382978,0.0,0,0
133,4217,9,81344,23,3.39,44088,1837.0,5554.789333333333,0.0,0,0
134,5521,9,81344,23,3.39,20220,1685.0,10737.189071038252,791.0,1,0
135,9930,9,81344,23,3.39,93600,3900.0,6580.65017301038,1024.0,1,0
136,6749,9,81344,23,3.39,221880,3698.0,5187.3441471571905,0.0,0,0
137,11701,9,81344,23,3.39,341280,5688.0,14207.610606060605,1118.0,1,0
138,5574,9,81344,23,3.39,33348,2779.0,12433.39880239521,0.0,0,0
139,2647,9,81344,23,3.39,53472,4456.0,13587.443243243242,0.0,0,0
140,11266,9,81344,23,3.39,52236,1451.0,2691.8603448275862,0.0,0,0
141,9872,9,81344,23,3.39,144960,3020.0,13452.052803738317,0.0,0,0
142,3542,10,92084,29,0.56,272520,4542.0,10610.785412262156,0.0,0,0
143,11208,10,92084,29,0.56,172080,3585.0,8530.74540942928,0.0,0,0
144,6829,10,92084,29,0.56,98592,4108.0,8015.793272171253,0.0,0,0
145,3649,10,92084,29,0.56,155616,3242.0,7722.888700564972,0.0,0,0
146,9880,10,92084,29,0.56,160656,6694.0,12408.077333333333,0.0,0,0
147,11372,11,75637,36,0.45,86616,7218.0,3690.7429590017828,0.0,0,0
148,1404,11,75637,36,0.45,149040,3105.0,6158.566666666667,0.0,0,0
149,10095,11,75637,36,0.45,80340,6695.0,13587.570212765959,1038.0,0,0
150,13603,11,75637,36,0.45,69360,1445.0,4401.689578163771,0.0,0,0
151,3414,11,75637,36,0.45,50460,841.0,4952.833414043584,538.0,0,0
152,12095,11,75637,36,0.45,126600,5275.0,11348.628078817734,0.0,0,0
153,13113,11,75637,36,0.45,260028,7223.0,11962.187526427062,1196.0,1,0
154,4918,11,75637,36,0.45,137904,5746.0,5014.360465116279,0.0,0,1
155,11359,11,75637,36,0.45,164256,3422.0,9705.639015151515,0.0,0,0
156,11855,11,75637,36,0.45,59448,2477.0,5682.88813559322,0.0,0,0
157,8777,11,75637,36,0.45,49044,4087.0,9049.84827586207,0.0,0,0
158,2235,12,107870,29,3.83,105804,2939.0,5983.6296536796535,352.0,1,0
159,7815,12,107870,29,3.83,76908,6409.0,11575.646088794925,0.0,0,1
160,5965,12,107870,29,3.83,143904,5996.0,9248.266785714286,0.0,0,0
161,12144,12,107870,29,3.83,331560,5526.0,6547.084516129032,1139.0,0,0
162,8615,12,107870,29,3.83,74124,2059.0,8252.138786279684,0.0,0,0
163,13750,12,107870,29,3.83,392460,6541.0,12455.629498525075,1239.0,0,0
164,12908,12,107870,29,3.83,133800,5575.0,9331.93220338983,0.0,0,0
165,4099,12,107870,29,3.83,40632,3386.0,4812.985849056604,0.0,0,0
166,10200,13,53921,22,2.77,87840,3660.0,4802.843111111111,0.0,0,0
167,6115,13,53921,22,2.77,61656,2569.0,7170.586786786786,0.0,0,1
168,6731,13,53921,22,2.77,44628,3719.0,14292.454973821988,0.0,0,0
169,603,13,53921,22,2.77,262980,4383.0,11162.856223175966,0.0,0,0
170,1511,13,53921,22,2.77,148140,4115.0,9001.230000000001,0.0,0,0
171,6275,13,53921,22,2.77,79824,6652.0,13057.11,831.0,1,0
172,9555,13,53921,22,2.77,45456,3788.0,8826.553608247423,1001.0,1,0
173,2739,13,53921,22,2.77,230220,6395.0,15755.904320987655,434.0,1,0
174,5911,14,177686,27,1.42,117024,4876.0,10335.819024390243,814.0,1,0
175,10543,14,177686,27,1.42,173016,4806.0,10054.15545722714,1059.0,1,0
176,3767,14,177686,27,1.42,321180,5353.0,11196.760194174758,0.0,0,0
177,12662,14,177686,27,1.42,421008,8771.0,7538.232017543859,1169.0,1,0
178,6922,14,177686,27,1.42,232560,4845.0,6653.076978417266,0.0,0,0
179,10355,14,177686,27,1.42,333648,6951.0,10303.001872659175,0.0,0,1
180,5376,14,177686,27,1.42,321240,5354.0,11495.902604166666,782.0,1,0
181,376,14,177686,27,1.42,91248,1901.0,7707.526851851852,0.0,0,0
182,13845,15,58796,16,3.13,52788,4399.0,2654.785950413223,0.0,0,0
183,7166,15,58796,16,3.13,87216,1817.0,3824.3103585657373,0.0,0,1
184,5826,15,58796,16,3.13,21396,1783.0,4486.569767441861,0.0,0,0
185,6753,15,58796,16,3.13,44376,3698.0,12471.849484536084,854.0,1,0
186,383,15,58796,16,3.13,66840,2785.0,12577.95201793722,0.0,0,0
187,6729,15,58796,16,3.13,140880,2348.0,9397.153191489362,0.0,0,0
188,6383,15,58796,16,3.13,170832,3559.0,15543.737634408602,0.0,0,0
189,976,16,93931,21,1.12,24312,2026.0,4903.936479591837,0.0,0,0
190,2623,16,93931,21,1.12,170256,7094.0,8136.214320388349,418.0,1,0
191,7980,16,93931,21,1.12,60156,1671.0,8003.1782918149465,0.0,0,1
192,78,16,93931,21,1.12,165960,6915.0,11827.65445026178,0.0,0,0
193,8076,16,93931,21,1.12,22968,638.0,2234.5088353413653,0.0,0,0
194,13480,16,93931,21,1.12,115812,3217.0,11652.888380281689,0.0,0,0
195,13620,16,93931,21,1.12,98304,8192.0,16430.450406504064,1230.0,1,0
196,9403,16,93931,21,1.12,130464,2718.0,7555.9662538699695,0.0,0,0
197,13290,16,93931,21,1.12,140688,2931.0,9105.021052631579,0.0,0,0
198,4182,16,93931,21,1.12,140688,2931.0,9087.7,0.0,0,0
199,13089,16,93931,21,1.12,269964,7499.0,14032.9875,1194.0,0,0
200,10702,17,74062,15,2.38,85716,2381.0,4331.576,0.0,0,0
201,12358,17,74062,15,2.38,91632,7636.0,3160.7504347826084,0.0,0,0
202,8737,17,74062,15,2.38,152160,2536.0,5752.218716577539,0.0,0,0
203,5389,17,74062,15,2.38,86184,2394.0,5731.213274336283,0.0,0,0
204,13490,18,70699,13,2.83,154416,3217.0,13179.012658227848,0.0,0,0
205,2841,18,70699,13,2.83,159744,3328.0,11007.917587939699,446.0,1,0
206,11271,18,70699,13,2.83,163332,4537.0,8251.552777777779,0.0,0,0
207,3335,19,51428,11,3.13,111384,4641.0,11670.911041009464,0.0,0,0
208,10475,19,51428,11,3.13,265320,7370.0,5305.129933481153,0.0,0,0
209,1663,19,51428,11,3.13,45336,1889.0,6783.541620111731,0.0,0,0
210,2686,19,51428,11,3.13,182040,3034.0,14315.7454248366,426.0,1,0
211,9663,19,51428,11,3.13,189696,7904.0,7570.04048192771,0.0,0,0
212,2259,19,51428,11,3.13,396120,6602.0,13812.927636363636,353.0,1,0
213,992,19,51428,11,3.13,53076,4423.0,5533.658715596331,164.0,1,0
214,6764,19,51428,11,3.13,177504,3698.0,11160.63093922652,855.0,1,0
215,7339,19,51428,11,3.13,407952,8499.0,3185.884375,0.0,0,1
216,1705,19,51428,11,3.13,125472,5228.0,14226.384065934066,0.0,0,0
217,3601,19,51428,11,3.13,41256,3438.0,10903.829702970297,565.0,0,0
218,9217,19,51428,11,3.13,110736,2307.0,4420.195384615385,0.0,0,0
219,46,19,51428,11,3.13,110736,2307.0,4399.613076923077,0.0,0,0
220,9569,19,51428,11,3.13,140064,5836.0,14108.68350515464,1002.0,1,0
221,12102,20,70646,14,2.65,97632,8136.0,12866.431627056672,0.0,0,0
222,1327,20,70646,14,2.65,192552,8023.0,9353.359102902376,0.0,0,1
223,10382,20,70646,14,2.65,266220,4437.0,5007.274436090225,0.0,0,0
224,6034,20,70646,14,2.65,128988,3583.0,10054.091233766234,0.0,0,1
225,10389,20,70646,14,2.65,220620,3677.0,6024.196428571428,0.0,0,0
226,45,20,70646,14,2.65,318480,5308.0,7293.491538461539,0.0,0,1
227,9417,21,103347,16,1.51,191880,3198.0,10185.40671641791,0.0,0,0
228,9196,21,103347,16,1.51,30276,2523.0,4177.474535809019,0.0,0,1
229,25,21,103347,16,1.51,30276,2523.0,5199.722442244224,0.0,0,1
230,11686,21,103347,16,1.51,116832,9736.0,5331.221,0.0,0,0
231,12750,21,103347,16,1.51,86880,7240.0,17625.75,1173.0,1,0
232,939,21,103347,16,1.51,156096,4336.0,8741.077777777778,0.0,0,0
233,127,21,103347,16,1.51,352704,7348.0,8368.81186440678,17.0,1,0
234,12756,22,58400,16,1.1,260640,7240.0,8910.681534090909,0.0,0,1
235,12468,22,58400,16,1.1,136368,5682.0,12410.41554054054,0.0,0,0
236,9611,23,87419,11,1.79,196080,4085.0,12332.515632183908,0.0,0,0
237,10510,23,87419,11,1.79,74688,6224.0,10591.576470588236,0.0,0,0
238,12738,23,87419,11,1.79,88704,1848.0,2696.504615384615,0.0,0,0
239,9755,23,87419,11,1.79,79344,1653.0,2988.130882352941,0.0,0,0
240,6551,24,122603,21,1.39,174744,7281.0,10178.935807860262,0.0,0,1
241,9973,24,122603,21,1.39,49320,4110.0,9737.571294559099,0.0,0,1
242,2922,24,122603,21,1.39,95808,7984.0,14347.51619047619,0.0,0,0
243,5320,24,122603,21,1.39,97224,4051.0,3752.4271966527194,0.0,0,0
244,12303,24,122603,21,1.39,19044,529.0,5865.198790322581,0.0,0,0
245,5399,24,122603,21,1.39,15192,633.0,3791.621921182266,0.0,0,0
246,2721,24,122603,21,1.39,72504,3021.0,5381.53,0.0,0,0
247,7325,24,122603,21,1.39,321360,5356.0,11507.826237623762,886.0,1,0
248,1505,25,88757,33,2.47,99696,2077.0,11360.431235431235,0.0,0,1
249,13468,25,88757,33,2.47,18720,312.0,4746.753614457831,1220.0,1,0
250,13417,25,88757,33,2.47,152460,2541.0,4393.599428571429,0.0,0,0
251,7672,26,170449,0,2.64,79920,1332.0,6941.221428571428,904.0,1,0
252,10076,26,170449,0,2.64,29784,1241.0,3406.452265861027,0.0,0,0
253,2392,26,170449,0,2.64,249312,5194.0,12189.458609271524,0.0,0,0
254,5801,26,170449,0,2.64,59136,1232.0,2146.9691428571427,0.0,0,0
255,11250,26,170449,0,2.64,272220,4537.0,7464.073364485981,0.0,0,1
256,3324,26,170449,0,2.64,66432,2768.0,7560.499061032864,0.0,0,0
257,5517,27,67298,19,0.65,300204,8339.0,6633.3378313253015,0.0,0,0
258,5526,27,67298,19,0.65,64656,1347.0,4487.170103092783,792.0,1,0
259,12586,27,67298,19,0.65,239160,3986.0,6021.619243986254,0.0,0,0
260,12133,27,67298,19,0.65,300600,5010.0,7512.340239043824,1138.0,1,0
261,4754,27,67298,19,0.65,107352,2982.0,12275.04824120603,0.0,0,0
262,9760,27,67298,19,0.65,153144,4254.0,10103.442657342657,1014.0,1,0
263,798,27,67298,19,0.65,12540,1045.0,3887.3960144927537,140.0,1,0
264,7186,27,67298,19,0.65,78720,1640.0,7561.672321428572,880.0,1,0
265,12616,27,67298,19,0.65,37812,3151.0,14227.998734177214,0.0,0,0
266,2853,28,72541,26,1.62,156672,4352.0,3251.2572207084468,0.0,0,0
267,2136,28,72541,26,1.62,248148,6893.0,5135.561632653062,0.0,0,0
268,2141,28,72541,26,1.62,30060,501.0,4538.910351966874,337.0,1,0
269,6422,28,72541,26,1.62,90180,2505.0,5620.5684210526315,0.0,0,0
270,13640,28,72541,26,1.62,213300,3555.0,8154.342953020135,0.0,0,0
271,11304,28,72541,26,1.62,215040,3584.0,6984.20132450331,0.0,0,0
272,2190,28,72541,26,1.62,385584,8033.0,12144.217821782178,0.0,0,0
273,5224,29,45714,10,2.82,51408,2142.0,12470.097051597051,769.0,1,0
274,2719,29,45714,10,2.82,347952,7249.0,11978.062990196078,0.0,0,0
275,10350,29,45714,10,2.82,417060,6951.0,6611.670212765957,0.0,0,0
276,3855,29,45714,10,2.82,222180,3703.0,7408.899489795918,0.0,0,1
277,10090,29,45714,10,2.82,97980,1633.0,3470.6455598455595,0.0,0,0
278,7366,29,45714,10,2.82,26208,728.0,3117.9388349514566,0.0,0,0
279,530,29,45714,10,2.82,84288,1756.0,5562.5258503401365,0.0,0,0
280,11337,29,45714,10,2.82,82128,3422.0,6067.044444444445,0.0,0,0
281,2166,30,94812,13,3.38,96396,8033.0,10195.761538461538,0.0,0,1
282,11497,30,94812,13,3.38,52128,2172.0,6031.2994296577945,1103.0,1,0
283,10198,31,51313,12,3.52,224604,6239.0,14296.16705882353,1040.0,0,0
284,1851,31,51313,12,3.52,164052,4557.0,9456.969922879176,0.0,0,1
285,7753,31,51313,12,3.52,36684,3057.0,4429.446403712297,0.0,0,0
286,2698,31,51313,12,3.52,92976,3874.0,13005.104047619048,428.0,1,0
287,11794,31,51313,12,3.52,104712,4363.0,12920.585510688836,0.0,0,0
288,7727,31,51313,12,3.52,72408,3017.0,7155.011846689895,0.0,0,1
289,2148,31,51313,12,3.52,202788,5633.0,14660.564545454545,0.0,0,0
290,2606,31,51313,12,3.52,61560,5130.0,8566.142700729928,414.0,1,0
291,5337,32,105058,19,2.8,87816,7318.0,4348.222849462365,0.0,0,0
292,2288,32,105058,19,2.8,162468,4513.0,9407.5004784689,0.0,0,0
293,655,32,105058,19,2.8,91152,3798.0,8629.023228346456,119.0,1,0
294,13405,32,105058,19,2.8,57120,1190.0,2966.120338983051,1216.0,1,0
295,13556,32,105058,19,2.8,48096,2004.0,4719.61270718232,0.0,0,0
296,11252,32,105058,19,2.8,16032,334.0,3636.23037037037,0.0,0,0
297,2809,33,133777,17,5.75,46320,1930.0,6810.385217391305,0.0,0,0
298,5978,33,133777,17,5.75,289920,6040.0,13441.237662337662,819.0,0,0
299,13820,33,133777,17,5.75,155760,6490.0,11844.909411764707,0.0,0,0
300,2915,33,133777,17,5.75,17952,1496.0,6096.598684210527,0.0,0,0
301,6567,34,125236,11,6.43,174744,7281.0,8186.315849056605,844.0,0,1
302,2700,34,125236,11,6.43,185952,3874.0,9030.531460674158,0.0,0,0
303,9721,34,125236,11,6.43,21852,607.0,4174.142995169082,1010.0,1,0
304,4177,34,125236,11,6.43,67464,5622.0,12340.97842105263,0.0,0,0
305,13285,34,125236,11,6.43,67464,5622.0,12352.042105263157,0.0,0,0
306,7434,34,125236,11,6.43,247920,5165.0,13585.457731958762,891.0,1,0
307,12485,34,125236,11,6.43,22104,1842.0,4095.7133757961783,0.0,0,0
308,7787,34,125236,11,6.43,10944,304.0,1540.045132743363,0.0,0,0
309,1681,34,125236,11,6.43,125472,5228.0,10603.125396825397,0.0,0,0
310,8089,35,88768,18,1.02,127200,2650.0,6352.967567567568,0.0,0,0
311,8392,36,159617,19,3.33,475680,9910.0,8484.919254658385,951.0,1,0
312,132,36,159617,19,3.33,162576,4516.0,6839.223444976076,21.0,1,0
313,9914,36,159617,19,3.33,128268,3563.0,9632.166666666666,1022.0,1,0
314,13172,36,159617,19,3.33,24180,403.0,5354.147389558233,0.0,0,0
315,4882,36,159617,19,3.33,106128,2948.0,7471.305839416059,0.0,0,0
316,12729,36,159617,19,3.33,31260,2605.0,3905.2104712041883,0.0,0,0
317,2153,36,159617,19,3.33,43200,1800.0,4675.3213592233005,0.0,0,0
318,1133,37,114006,26,4.46,284280,4738.0,13575.520538720539,186.0,0,0
319,10040,37,114006,26,4.46,155880,6495.0,12240.716326530612,1035.0,1,0
320,4529,37,114006,26,4.46,68544,2856.0,6847.788461538462,0.0,0,0
321,13608,37,114006,26,4.46,119136,2482.0,8930.721875,0.0,0,0
322,11371,37,114006,26,4.46,83280,1735.0,4897.617482517483,1098.0,1,0
323,4712,37,114006,26,4.46,133848,5577.0,10772.565317919076,0.0,0,0
324,2494,37,114006,26,4.46,271260,4521.0,4651.943434343435,0.0,0,0
325,7914,38,85852,23,7.08,212400,5900.0,9688.57694063927,0.0,0,0
326,7576,38,85852,23,7.08,87360,3640.0,9029.850753768844,897.0,1,0
327,4428,38,85852,23,7.08,23628,1969.0,12178.439298245614,0.0,0,0
328,9670,38,85852,23,7.08,20832,434.0,2197.5818950930625,0.0,0,0
329,1516,38,85852,23,7.08,71064,1974.0,4549.53520782396,0.0,0,0
330,3763,38,85852,23,7.08,123216,2567.0,10986.98861047836,587.0,0,0
331,11873,38,85852,23,7.08,176148,4893.0,11498.068260869566,0.0,0,0
332,8432,38,85852,23,7.08,96768,2688.0,12966.316607773852,0.0,0,0
333,12561,38,85852,23,7.08,44304,1846.0,4074.9256410256407,0.0,0,0
334,3800,38,85852,23,7.08,130896,5454.0,3598.5484472049693,0.0,0,0
335,8096,38,85852,23,7.08,64860,1081.0,3745.2194444444444,0.0,0,0
336,5245,38,85852,23,7.08,327660,5461.0,11413.263636363636,773.0,1,0
337,333,38,85852,23,7.08,160920,4470.0,11168.132307692307,53.0,1,0
338,9273,39,119895,4,7.34,91200,3800.0,7871.535421686747,0.0,0,0
339,5333,39,119895,4,7.34,73836,2051.0,8097.128955223881,780.0,1,0
340,944,39,119895,4,7.34,73056,1522.0,2021.9969387755102,0.0,0,0
341,12810,39,119895,4,7.34,123408,5142.0,7442.078260869565,1176.0,0,0
342,3793,39,119895,4,7.34,253560,4226.0,10167.699999999999,0.0,0,0
343,6417,40,128118,16,6.49,300660,5011.0,8247.93394342762,0.0,0,0
344,2195,40,128118,16,6.49,239460,3991.0,7174.257659574469,0.0,0,0
345,3705,40,128118,16,6.49,15420,1285.0,2940.8072265625,0.0,0,0
346,11093,40,128118,16,6.49,186384,3883.0,10415.231177829099,0.0,0,0
347,158,40,128118,16,6.49,88440,7370.0,12807.854040404041,25.0,1,0
348,9456,40,128118,16,6.49,42384,3532.0,6647.546341463415,0.0,0,0
349,8366,41,118650,8,3.32,25944,1081.0,9312.588795518208,947.0,1,0
350,13071,41,118650,8,3.32,198240,8260.0,5316.360197368421,0.0,0,0
351,1793,41,118650,8,3.32,123300,3425.0,12860.917283950617,280.0,1,0
352,6895,42,95907,25,2.41,103680,1728.0,4089.80338028169,0.0,0,1
353,5928,42,95907,25,2.41,98832,2059.0,4209.022198275862,0.0,0,0
354,2451,42,95907,25,2.41,38520,3210.0,2328.034836065574,0.0,0,0
355,4132,42,95907,25,2.41,207264,4318.0,12047.38440860215,0.0,0,0
356,2590,42,95907,25,2.41,23328,1944.0,7115.113186813187,0.0,0,0
357,3629,42,95907,25,2.41,390000,8125.0,11091.923762376238,0.0,0,0
358,403,42,95907,25,2.41,331584,6908.0,9336.053076923075,0.0,0,0
359,9346,43,161854,21,1.72,41952,3496.0,5512.20951276102,0.0,0,0
360,6691,43,161854,21,1.72,32640,680.0,2570.685131195335,0.0,0,0
361,5977,43,161854,21,1.72,359760,5996.0,8867.422784810127,0.0,0,0
362,11149,43,161854,21,1.72,71976,2999.0,10428.29405940594,0.0,0,1
363,8276,43,161854,21,1.72,124344,3454.0,5689.947648902821,0.0,0,0
364,6367,44,105606,26,2.79,79608,3317.0,15016.13225108225,0.0,0,0
365,6499,44,105606,26,2.79,149340,2489.0,5495.932318501171,0.0,0,0
366,9915,44,105606,26,2.79,77640,6470.0,13582.181141439207,0.0,0,0
367,13451,44,105606,26,2.79,314520,5242.0,14230.557142857144,0.0,0,0
368,3670,44,105606,26,2.79,277884,7719.0,8637.745724907063,0.0,0,1
369,124,44,105606,26,2.79,265320,7370.0,9268.925945945946,0.0,0,1
370,4672,44,105606,26,2.79,153936,6414.0,15657.349315068494,0.0,0,0
371,12599,44,105606,26,2.79,113436,3151.0,17747.74135338346,1165.0,1,0
372,11314,45,77917,19,2.28,127080,2118.0,3242.9128925619834,0.0,0,0
373,10043,45,77917,19,2.28,74736,2076.0,7053.155447941889,1036.0,1,0
374,13201,45,77917,19,2.28,115992,3222.0,9257.13109090909,1203.0,1,0
375,1215,45,77917,19,2.28,204000,3400.0,6724.771207430341,0.0,0,0
376,5395,45,77917,19,2.28,93960,1566.0,7021.64628975265,0.0,0,0
377,1300,45,77917,19,2.28,50976,1416.0,3502.4833333333336,0.0,0,0
378,7150,45,77917,19,2.28,184620,3077.0,6903.16339869281,0.0,0,0
379,2181,46,112709,20,1.79,165960,4610.0,7506.822274881517,0.0,0,0
380,9457,46,112709,20,1.79,390096,8127.0,8492.995321637427,991.0,0,0
381,5774,46,112709,20,1.79,219456,4572.0,12183.742857142857,0.0,0,0
382,414,46,112709,20,1.79,468060,7801.0,12879.660185185186,65.0,1,0
383,13246,46,112709,20,1.79,339168,7066.0,4081.0903846153847,0.0,0,0
384,10654,46,112709,20,1.79,185640,3094.0,6193.682524271845,0.0,0,0
385,11195,47,162580,26,1.51,189300,3155.0,4664.36448275862,1087.0,1,0
386,7286,47,162580,26,1.51,28248,1177.0,7888.511898016997,884.0,0,0
387,5860,47,162580,26,1.51,213300,5925.0,3662.5505454545455,0.0,0,0
388,10528,47,162580,26,1.51,174048,3626.0,10587.940202702703,1056.0,1,0
389,11123,47,162580,26,1.51,50112,2088.0,4031.6619047619047,0.0,0,0
390,389,47,162580,26,1.51,369000,6150.0,8953.593617021277,0.0,0,0
391,6511,47,162580,26,1.51,158184,4394.0,9078.154081632652,0.0,0,0
392,9929,47,162580,26,1.51,35856,1494.0,7672.570833333333,1023.0,1,0
393,6408,47,162580,26,1.51,240528,5011.0,11718.572483221476,0.0,0,0
394,2008,47,162580,26,1.51,189792,3954.0,8200.425,0.0,0,0
395,10287,48,78955,24,1.78,7656,319.0,5976.465714285714,0.0,0,0
396,8105,48,78955,24,1.78,137880,2298.0,6432.701990049752,0.0,0,1
397,4377,48,78955,24,1.78,158760,2646.0,4346.113584905661,0.0,0,0
398,7723,48,78955,24,1.78,181020,3017.0,6726.129166666667,0.0,0,0
399,10075,48,78955,24,1.78,238716,6631.0,11514.939999999999,0.0,0,0
400,3822,48,78955,24,1.78,30012,2501.0,10849.134965034966,0.0,0,0
401,8091,49,75685,28,1.89,95400,2650.0,13227.722338204592,0.0,0,0
402,8677,49,75685,28,1.89,63360,1056.0,3107.8650872817952,0.0,0,0
403,6366,49,75685,28,1.89,117420,1957.0,6074.443661971831,0.0,0,0
404,13447,50,102609,33,4.83,197748,5493.0,7667.821028037383,0.0,0,0
405,7195,50,102609,33,4.83,141240,5885.0,7783.763057324841,882.0,1,0
406,5433,50,102609,33,4.83,135360,2820.0,13284.483276450512,783.0,0,0
407,7796,50,102609,33,4.83,150912,4192.0,9953.653535353535,918.0,1,0
408,1852,50,102609,33,4.83,191088,3981.0,6226.9559585492225,0.0,0,0
409,2822,50,102609,33,4.83,48312,2013.0,5437.592990654205,0.0,0,0
410,4968,50,102609,33,4.83,100800,4200.0,4060.6992957746484,0.0,0,1
411,13346,50,102609,33,4.83,385560,6426.0,8534.55,0.0,0,1
412,9546,50,102609,33,4.83,220440,3674.0,8710.155033557048,0.0,0,0
413,10159,50,102609,33,4.83,36204,3017.0,5035.859693877551,0.0,0,1
414,4299,50,102609,33,4.83,174960,7290.0,12685.583,0.0,0,0
415,13912,50,102609,33,4.83,317460,5291.0,13987.599354838709,0.0,0,0
416,3013,51,121947,28,2.51,165120,2752.0,3170.9362776025237,0.0,0,0
417,10273,51,121947,28,2.51,309660,5161.0,9347.404294478527,0.0,0,0
418,9833,51,121947,28,2.51,42900,3575.0,10580.026011560694,1016.0,1,0
419,8502,51,121947,28,2.51,288720,6015.0,12969.073943661971,956.0,1,0
420,2621,51,121947,28,2.51,78600,3275.0,7462.93870967742,0.0,0,0
421,11362,51,121947,28,2.51,191580,3193.0,2073.025,0.0,0,0
422,6616,52,139012,41,2.52,209184,4358.0,12428.34193548387,0.0,0,0
423,980,52,139012,41,2.52,48624,2026.0,11259.115010141988,0.0,0,0
424,4916,52,139012,41,2.52,158976,3312.0,8464.04743150685,0.0,0,0
425,9606,52,139012,41,2.52,27984,2332.0,9195.694189602447,0.0,0,0
426,6936,52,139012,41,2.52,290700,4845.0,10213.498095238096,0.0,0,1
427,12050,52,139012,41,2.52,133968,2791.0,9678.730851063829,1134.0,1,0
428,5858,52,139012,41,2.52,141648,5902.0,12159.365517241378,0.0,0,0
429,9717,52,139012,41,2.52,72120,6010.0,13306.943076923078,1009.0,0,0
430,2581,52,139012,41,2.52,22932,637.0,3736.241666666667,0.0,0,0
431,2952,52,139012,41,2.52,293160,4886.0,13715.959788359787,0.0,0,0
432,4710,52,139012,41,2.52,334620,5577.0,13215.10425531915,0.0,0,0
433,3294,52,139012,41,2.52,156420,2607.0,9843.180373831776,0.0,0,0
434,1282,52,139012,41,2.52,253200,4220.0,5489.2411392405065,0.0,0,0
435,3291,52,139012,41,2.52,69624,1934.0,5497.1431250000005,517.0,1,0
436,6042,53,107911,33,2.53,110112,4588.0,12205.929133858268,0.0,0,0
437,4652,53,107911,33,2.53,307200,5120.0,10391.469364161849,0.0,0,1
438,4386,53,107911,33,2.53,14028,1169.0,4595.870357142857,0.0,0,0
439,1608,53,107911,33,2.53,23520,1960.0,4064.934857142857,0.0,0,0
440,1662,53,107911,33,2.53,389136,8107.0,17180.57951807229,0.0,0,0
441,2470,53,107911,33,2.53,176328,4898.0,6949.232269503546,0.0,0,0
442,10746,53,107911,33,2.53,170700,2845.0,5786.327480916031,0.0,0,0
443,12625,54,387570,0,1.6,75624,3151.0,9714.766445916115,0.0,0,1
444,7127,54,387570,0,1.6,65184,5432.0,11066.266379310344,874.0,0,0
445,946,54,387570,0,1.6,208128,4336.0,9284.459359605911,159.0,1,1
446,4620,54,387570,0,1.6,23052,1921.0,3333.554135338346,0.0,0,0
447,421,54,387570,0,1.6,100980,1683.0,4615.171929824562,0.0,0,0
448,11978,54,387570,0,1.6,113796,3161.0,5871.894797687862,0.0,0,0
449,9995,54,387570,0,1.6,56100,935.0,3594.63531598513,0.0,0,0
450,6077,54,387570,0,1.6,11400,950.0,2054.271028037383,0.0,0,0
451,6015,54,387570,0,1.6,179328,3736.0,7811.218061674009,0.0,0,0
452,4786,54,387570,0,1.6,84600,2350.0,12677.080952380951,0.0,0,1
453,1311,54,387570,0,1.6,385104,8023.0,14952.230452674898,0.0,0,0
454,8064,54,387570,0,1.6,294384,6133.0,14978.199270072993,0.0,0,0
455,533,54,387570,0,1.6,357840,7455.0,10057.35125,0.0,0,1
456,7411,54,387570,0,1.6,67608,2817.0,7141.828695652174,0.0,0,0
457,4937,54,387570,0,1.6,41856,872.0,4679.212549019608,750.0,1,0
458,11976,54,387570,0,1.6,116040,1934.0,3370.2885350318475,0.0,0,0
459,11598,54,387570,0,1.6,83628,2323.0,5486.8203125,0.0,0,0
460,2503,54,387570,0,1.6,83628,2323.0,5482.36328125,0.0,0,0
461,9846,54,387570,0,1.6,473280,7888.0,8347.041071428572,0.0,0,1
462,5727,54,387570,0,1.6,204780,3413.0,15681.998692810455,803.0,1,0
463,9340,54,387570,0,1.6,590820,9847.0,4975.937272727272,0.0,0,0
464,10517,54,387570,0,1.6,93036,7753.0,13661.783243243242,0.0,0,0
465,6255,54,387570,0,1.6,58764,4897.0,11962.608108108108,829.0,1,0
466,13924,54,387570,0,1.6,280440,4674.0,9087.808219178081,0.0,0,0
467,12754,55,157042,70,1.88,21924,609.0,4808.485831622177,0.0,0,0
468,6301,55,157042,70,1.88,14628,1219.0,3495.162480376766,834.0,1,0
469,12432,55,157042,70,1.88,121896,5079.0,11830.941883767535,0.0,0,0
470,9844,55,157042,70,1.88,71460,5955.0,8256.87709359606,0.0,0,0
471,12943,55,157042,70,1.88,417600,6960.0,11559.106435643564,1187.0,0,0
472,1533,55,157042,70,1.88,74772,2077.0,4531.424731182796,0.0,0,0
473,8510,55,157042,70,1.88,63972,1777.0,5423.369230769231,0.0,0,1
474,2205,55,157042,70,1.88,143676,3991.0,8571.990217391303,0.0,0,0
475,13051,55,157042,70,1.88,249792,5204.0,12661.096103896105,1193.0,1,0
476,1554,55,157042,70,1.88,52512,4376.0,12063.3989010989,0.0,0,0
477,5134,56,124605,42,4.69,244560,4076.0,8956.27890410959,0.0,0,0
478,7311,56,124605,42,4.69,276660,7685.0,3617.0427109974426,0.0,0,1
479,352,56,124605,42,4.69,123696,2577.0,8497.66415478615,0.0,0,0
480,5487,56,124605,42,4.69,61320,1022.0,2430.365909090909,0.0,0,0
481,11286,56,124605,42,4.69,272220,4537.0,7580.13947368421,0.0,0,0
482,9362,56,124605,42,4.69,12792,1066.0,2509.3,0.0,0,0
483,1594,56,124605,42,4.69,185544,5154.0,6633.78245614035,0.0,0,0
484,2403,57,161954,37,3.73,205200,5700.0,8622.56365248227,0.0,0,0
485,11381,57,161954,37,3.73,23184,1932.0,2770.83119266055,0.0,0,0
486,4861,57,161954,37,3.73,84288,1756.0,3884.70119760479,0.0,0,0
487,3326,57,161954,37,3.73,335280,6985.0,13063.555648535566,0.0,0,0
488,6610,57,161954,37,3.73,349392,7279.0,12981.241696113073,847.0,1,0
489,8548,57,161954,37,3.73,194160,4045.0,3231.1497854077256,0.0,0,0
490,6185,58,109164,16,3.38,20352,424.0,2931.5616438356165,0.0,0,0
491,810,58,109164,16,3.38,102240,1704.0,3756.470342205323,142.0,1,0
492,4169,58,109164,16,3.38,68664,2861.0,9027.861379310345,0.0,0,0
493,4291,58,109164,16,3.38,174840,2914.0,5587.253982300885,0.0,0,0
494,13590,59,108871,29,3.24,148920,2482.0,6369.175431034482,0.0,0,0
495,3730,59,108871,29,3.24,253512,7042.0,8215.2605,0.0,0,1
496,11516,59,108871,29,3.24,188616,7859.0,10408.640869565217,0.0,0,0
497,11713,59,108871,29,3.24,18324,1527.0,7105.565306122449,0.0,0,0
498,10023,59,108871,29,3.24,99300,1655.0,5769.638022813689,0.0,0,0
499,9370,59,108871,29,3.24,153504,3198.0,6117.335267857144,0.0,0,0
500,10209,59,108871,29,3.24,8616,359.0,3760.5238095238096,0.0,0,0
501,2514,59,108871,29,3.24,44640,1860.0,6946.179518072289,0.0,0,0
502,11609,59,108871,29,3.24,44640,1860.0,6960.415662650603,0.0,0,0
503,3687,60,110643,41,3.45,82896,6908.0,9982.3921182266,577.0,1,0
504,9675,60,110643,41,3.45,189696,7904.0,10046.266666666666,0.0,0,1
505,5366,60,110643,41,3.45,192744,5354.0,10880.96705336427,781.0,1,0
506,3113,60,110643,41,3.45,89340,1489.0,4121.77108433735,0.0,0,0
507,12220,60,110643,41,3.45,89340,1489.0,4119.300401606426,0.0,0,0
508,12840,60,110643,41,3.45,54396,1511.0,2794.26455026455,0.0,0,0
509,6001,60,110643,41,3.45,150180,2503.0,13323.08761904762,0.0,0,0
510,8333,60,110643,41,3.45,49320,1370.0,3386.1794285714286,0.0,0,0
511,10662,60,110643,41,3.45,240900,4015.0,5113.2536,0.0,0,0
512,7814,61,117897,28,4.76,43164,3597.0,12862.13464566929,0.0,0,0
513,6798,61,117897,28,4.76,225420,3757.0,5256.884664536741,0.0,0,0
514,11886,61,117897,28,4.76,139536,5814.0,11633.435343035344,0.0,0,0
515,13968,61,117897,28,4.76,54024,4502.0,7799.157142857142,1247.0,1,0
516,5203,61,117897,28,4.76,51360,4280.0,14682.236734693877,0.0,0,1
517,8074,61,117897,28,4.76,116496,4854.0,11411.327127659575,0.0,0,0
518,12396,62,145688,41,1.29,167100,2785.0,12142.31894977169,1155.0,1,0
519,1029,62,145688,41,1.29,87216,1817.0,2768.042661448141,0.0,0,0
520,8130,62,145688,41,1.29,37908,3159.0,7478.692708333333,0.0,0,0
521,9427,62,145688,41,1.29,320592,6679.0,14049.903180212015,989.0,1,0
522,5364,62,145688,41,1.29,192744,5354.0,10446.916577540107,0.0,0,0
523,11754,62,145688,41,1.29,46176,962.0,6138.105494505494,0.0,0,0
524,1509,62,145688,41,1.29,182640,3805.0,7404.1352941176465,0.0,0,0
525,5050,62,145688,41,1.29,405780,6763.0,3526.10411392405,0.0,0,0
526,10987,62,145688,41,1.29,76104,3171.0,1894.1255319148936,0.0,0,0
527,1816,62,145688,41,1.29,165780,2763.0,9533.125,0.0,0,0
528,3264,63,86513,36,3.79,93888,2608.0,6213.767727272727,0.0,0,0
529,4056,63,86513,36,3.79,4980,415.0,2727.0819887429643,0.0,0,0
530,9316,63,86513,36,3.79,288468,8013.0,6060.565025906736,0.0,0,0
531,11004,63,86513,36,3.79,186300,3105.0,10654.2025,1081.0,1,0
532,5618,63,86513,36,3.79,106944,4456.0,8588.025531914895,0.0,0,0
533,3606,63,86513,36,3.79,24792,1033.0,6706.533333333334,566.0,1,0
534,4114,63,86513,36,3.79,71820,1995.0,11051.497637795275,0.0,0,0
535,8598,64,197099,41,1.6,47016,3918.0,13461.320212765957,0.0,0,0
536,9226,64,197099,41,1.6,55368,2307.0,8882.794805194806,0.0,0,0
537,11063,64,197099,41,1.6,227880,6330.0,9201.687211740042,0.0,0,0
538,10636,64,197099,41,1.6,47304,1971.0,11533.747358834244,1064.0,1,0
539,10818,64,197099,41,1.6,33984,708.0,4133.011977715878,0.0,0,0
540,11685,64,197099,41,1.6,188688,3931.0,7527.682119205298,0.0,0,0
541,3103,64,197099,41,1.6,360000,7500.0,13995.486933333332,0.0,0,0
542,4434,64,197099,41,1.6,444864,9268.0,5553.208361204013,0.0,0,0
543,7594,64,197099,41,1.6,85632,1784.0,12424.029285714287,0.0,0,0
544,12079,64,197099,41,1.6,96168,8014.0,8986.131941031941,1137.0,0,0
545,9641,64,197099,41,1.6,372120,6202.0,14076.824507042254,1007.0,0,0
546,6359,64,197099,41,1.6,276300,4605.0,3547.7117216117217,0.0,0,0
547,2489,64,197099,41,1.6,293880,4898.0,12916.333928571428,389.0,0,1
548,3906,64,197099,41,1.6,39024,3252.0,8886.12129963899,612.0,1,0
549,5171,64,197099,41,1.6,164196,4561.0,12978.68221153846,0.0,0,0
550,11274,64,197099,41,1.6,69600,1450.0,3557.413888888889,0.0,0,0
551,12308,64,197099,41,1.6,210744,5854.0,13284.447945205478,0.0,0,0
552,1216,65,114200,41,5.74,98184,4091.0,7505.293689320389,0.0,0,0
553,424,65,114200,41,5.74,187224,7801.0,10410.830343007916,0.0,0,1
554,11851,65,114200,41,5.74,244368,5091.0,13069.84861111111,0.0,0,0
555,13380,65,114200,41,5.74,113544,3154.0,6286.265564738292,0.0,0,0
556,2966,65,114200,41,5.74,200976,4187.0,8711.730943396227,0.0,0,0
557,1755,65,114200,41,5.74,100080,2085.0,4788.3834645669285,0.0,0,0
558,210,66,125832,41,3.51,104808,8734.0,4513.022202797203,0.0,0,0
559,12843,66,125832,41,3.51,151560,6315.0,11902.29643705463,1177.0,0,0
560,5133,66,125832,41,3.51,79632,3318.0,11875.13886462882,0.0,0,0
561,5760,66,125832,41,3.51,465072,9689.0,7604.438265306122,0.0,0,0
562,6544,66,125832,41,3.51,368880,6148.0,9763.806666666667,0.0,0,0
563,10714,66,125832,41,3.51,67980,5665.0,5737.881481481481,0.0,0,0
564,3608,66,125832,41,3.51,88608,7384.0,12602.474999999999,0.0,0,0
565,2635,67,106054,25,5.77,299088,8308.0,8654.492356687899,0.0,0,1
566,13260,67,106054,25,5.77,45768,3814.0,6009.70455764075,0.0,0,0
567,13971,67,106054,25,5.77,129408,5392.0,3866.3095930232557,0.0,0,0
568,7435,67,106054,25,5.77,247920,5165.0,9098.563063063064,0.0,0,1
569,9997,67,106054,25,5.77,220428,6123.0,15601.557763975154,0.0,0,0
570,5866,67,106054,25,5.77,335184,6983.0,12024.735074626866,0.0,0,1
571,12695,68,228848,40,4.09,259740,4329.0,8510.056916099773,0.0,0,0
572,1286,68,228848,40,4.09,253200,4220.0,9562.872264631043,0.0,0,0
573,11461,68,228848,40,4.09,41904,3492.0,7649.525423728814,0.0,0,0
574,10563,68,228848,40,4.09,76680,3195.0,9683.493370165746,0.0,0,0
575,2422,68,228848,40,4.09,68400,5700.0,8930.863374485596,0.0,0,1
576,2831,68,228848,40,4.09,99336,4139.0,4161.996699669967,0.0,0,0
577,2063,68,228848,40,4.09,141948,3943.0,6360.667136150235,322.0,1,0
578,1501,68,228848,40,4.09,35904,748.0,1522.234251968504,0.0,0,0
579,11405,68,228848,40,4.09,39576,3298.0,5587.952941176471,0.0,0,0
580,458,68,228848,40,4.09,230400,3840.0,11415.406686046512,0.0,0,0
581,9202,68,228848,40,4.09,30276,2523.0,10809.398540145987,0.0,0,0
582,31,68,228848,40,4.09,30276,2523.0,10797.6098540146,0.0,0,0
583,9450,68,228848,40,4.09,170448,3551.0,7899.184472049689,0.0,0,0
584,6196,68,228848,40,4.09,57060,4755.0,9659.751530612246,824.0,1,0
585,5468,68,228848,40,4.09,81144,2254.0,15296.138655462184,785.0,1,0
586,3517,68,228848,40,4.09,437460,7291.0,15539.236470588236,551.0,1,0
587,968,69,42821,13,0.0,215616,4492.0,4852.735314685315,0.0,0,1
588,1917,69,42821,13,0.0,388512,8094.0,11282.517994100295,0.0,0,1
589,9798,69,42821,13,0.0,84120,3505.0,12407.59895287958,0.0,0,0
590,5253,69,42821,13,0.0,90156,7513.0,16012.252403846154,775.0,0,0
591,1913,69,42821,13,0.0,194256,8094.0,11338.72403846154,304.0,1,0
592,12643,69,42821,13,0.0,348120,5802.0,12648.655862068967,1167.0,1,0
593,11329,69,42821,13,0.0,122472,5103.0,11814.67281553398,0.0,0,0
594,8506,69,42821,13,0.0,495180,8253.0,19772.444736842106,957.0,0,0
595,6789,70,285387,2,6.63,83016,6918.0,9277.94831858407,857.0,0,0
596,10269,70,285387,2,6.63,134784,5616.0,10682.702369668248,0.0,0,0
597,13690,70,285387,2,6.63,89880,3745.0,16527.956923076923,1233.0,1,0
598,11105,70,285387,2,6.63,100224,2088.0,3813.9745318352057,0.0,0,1
599,2843,70,285387,2,6.63,49440,824.0,5092.527,0.0,0,0
600,7010,70,285387,2,6.63,123600,2060.0,8432.135807860263,0.0,0,0
601,11596,70,285387,2,6.63,86184,7182.0,11788.277695167288,1111.0,1,0
602,2501,70,285387,2,6.63,86184,7182.0,11799.427881040892,394.0,1,0
603,11050,70,285387,2,6.63,45024,938.0,5758.36963562753,0.0,0,0
604,8764,70,285387,2,6.63,73260,1221.0,5400.7542105263165,0.0,0,0
605,5642,70,285387,2,6.63,162624,3388.0,6124.379931972789,0.0,0,0
606,12547,70,285387,2,6.63,305424,6363.0,7444.954929577464,0.0,0,0
607,11857,70,285387,2,6.63,59448,2477.0,9646.733333333334,0.0,0,1
608,631,70,285387,2,6.63,210384,4383.0,9630.434574468085,0.0,0,0
609,10777,70,285387,2,6.63,33144,2762.0,3833.716748768473,0.0,0,0
610,2560,70,285387,2,6.63,92400,7700.0,7329.515178571428,408.0,1,0
611,9775,70,285387,2,6.63,97392,8116.0,10202.351231527095,0.0,0,0
612,2823,70,285387,2,6.63,541200,9020.0,3142.5702127659574,0.0,0,1
613,10492,70,285387,2,6.63,42840,3570.0,5202.13037037037,0.0,0,0
614,12890,70,285387,2,6.63,267600,5575.0,11961.10932642487,0.0,0,0
615,1208,70,285387,2,6.63,188532,5237.0,14620.234285714287,0.0,0,0
616,1130,70,285387,2,6.63,22260,371.0,2251.898412698413,0.0,0,0
617,272,70,285387,2,6.63,109344,9112.0,7233.487596899225,45.0,1,0
618,2342,70,285387,2,6.63,55632,2318.0,6178.499159663866,0.0,0,0
619,3829,71,161227,35,5.93,177744,3703.0,9726.22693208431,600.0,1,1
620,13190,71,161227,35,5.93,154656,3222.0,6471.856756756756,0.0,0,0
621,215,71,161227,35,5.93,27456,2288.0,10550.070072992701,0.0,0,0
622,8636,71,161227,35,5.93,49488,2062.0,8529.944827586207,965.0,1,0
623,370,71,161227,35,5.93,112752,3132.0,5550.898295454545,60.0,1,0
624,2083,71,161227,35,5.93,172272,7178.0,16212.601204819275,0.0,0,0
625,6349,72,226122,50,3.8,193968,5388.0,8926.522549019608,0.0,0,0
626,12844,72,226122,50,3.8,60000,1000.0,2606.168490153173,0.0,0,0
627,1102,72,226122,50,3.8,309552,6449.0,11944.666666666666,0.0,0,0
628,13576,72,226122,50,3.8,217152,6032.0,11444.60093457944,1225.0,1,0
629,9366,72,226122,50,3.8,309600,6450.0,13248.565423728813,0.0,0,0
630,4352,72,226122,50,3.8,161496,4486.0,7397.928125,0.0,0,0
631,1020,72,226122,50,3.8,187104,7796.0,12440.168558951966,170.0,1,0
632,11327,72,226122,50,3.8,29448,2454.0,4663.406787330317,0.0,0,1
633,11121,72,226122,50,3.8,155616,3242.0,4626.195572916667,0.0,0,0
634,6175,72,226122,50,3.8,53232,1109.0,2600.2344262295082,0.0,0,0
635,6571,72,226122,50,3.8,78696,2186.0,3381.0601036269427,0.0,0,0
636,5788,72,226122,50,3.8,465504,9698.0,4491.122842639594,0.0,0,1
637,12850,72,226122,50,3.8,23412,1951.0,7657.469756097561,1178.0,1,0
638,426,72,226122,50,3.8,42816,3568.0,3192.478504672897,0.0,0,0
639,5384,73,182027,49,3.33,66480,2770.0,9752.94824120603,0.0,0,1
640,2708,73,182027,49,3.33,139464,3874.0,7644.018713450292,0.0,0,1
641,5322,73,182027,49,3.33,74040,6170.0,5564.436020151134,0.0,0,0
642,9987,73,182027,49,3.33,260400,4340.0,9103.571982758622,0.0,0,1
643,5699,73,182027,49,3.33,168264,4674.0,10859.032432432434,0.0,0,0
644,11637,73,182027,49,3.33,374760,6246.0,9880.378971962617,0.0,0,0
645,1051,73,182027,49,3.33,178500,2975.0,2370.6453333333334,0.0,0,0
646,3257,73,182027,49,3.33,231168,4816.0,12742.731111111112,511.0,0,0
647,9593,74,323870,0,4.75,51696,2154.0,12693.2464,1005.0,1,0
648,10566,74,323870,0,4.75,230220,6395.0,6777.677876106194,0.0,0,1
649,7683,74,323870,0,4.75,17508,1459.0,4660.75593220339,906.0,0,0
650,7422,74,323870,0,4.75,59760,2490.0,7037.1480769230775,890.0,1,0
651,7521,74,323870,0,4.75,398640,6644.0,14412.395261845386,0.0,0,0
652,5318,74,323870,0,4.75,221280,4610.0,11057.841602067185,0.0,0,0
653,12003,74,323870,0,4.75,151728,3161.0,10353.194711538461,0.0,0,1
654,11804,74,323870,0,4.75,104712,4363.0,9564.720568927789,0.0,0,0
655,8359,74,323870,0,4.75,194880,4060.0,7799.980319148936,946.0,0,0
656,6946,74,323870,0,4.75,232560,4845.0,10118.792181069959,0.0,0,0
657,3519,74,323870,0,4.75,380160,6336.0,15204.012737127372,552.0,1,0
658,4055,74,323870,0,4.75,146064,6086.0,8585.52608695652,0.0,0,0
659,7862,74,323870,0,4.75,76992,3208.0,10823.504878048781,924.0,1,0
660,11379,74,323870,0,4.75,285240,4754.0,8281.735148514852,0.0,0,0
661,116,74,323870,0,4.75,102876,8573.0,4486.337226277372,16.0,1,0
662,3929,74,323870,0,4.75,68124,5677.0,7099.592592592592,0.0,0,0
663,1499,74,323870,0,4.75,128544,5356.0,7622.759565217391,0.0,0,0
664,2522,74,323870,0,4.75,214596,5961.0,16355.2828125,398.0,1,0
665,3962,74,323870,0,4.75,94512,7876.0,15059.539230769231,0.0,0,1
666,5232,74,323870,0,4.75,100128,4172.0,10424.276326530613,770.0,1,0
667,13687,75,138032,30,5.38,182628,5073.0,5049.229807692308,0.0,0,0
668,9715,75,138032,30,5.38,68112,5676.0,9235.258549222799,0.0,0,0
669,6257,75,138032,30,5.38,399120,6652.0,6636.248701298701,0.0,0,0
670,13261,75,138032,30,5.38,45768,3814.0,11409.673776223777,0.0,0,0
671,6473,76,127369,32,4.73,202848,4226.0,8158.7140625,0.0,0,0
672,12378,76,127369,32,4.73,311232,6484.0,15935.443726235742,1154.0,1,0
673,13095,76,127369,32,4.73,196224,4088.0,17135.2914893617,1195.0,0,0
674,13276,76,127369,32,4.73,31140,519.0,2243.921686746988,0.0,0,0
675,11906,76,127369,32,4.73,88200,2450.0,5373.193103448276,0.0,0,0
676,10275,77,148545,35,4.01,89040,1484.0,3375.11738317757,0.0,0,0
677,6317,77,148545,35,4.01,173808,7242.0,15677.367400881058,0.0,0,0
678,3616,77,148545,35,4.01,48744,1354.0,6264.880660377358,569.0,1,0
679,5579,77,148545,35,4.01,87528,3647.0,8315.958646616542,796.0,1,0
680,8667,77,148545,35,4.01,49872,4156.0,6657.84527027027,0.0,0,0
681,5143,77,148545,35,4.01,41988,3499.0,4460.517730496454,0.0,0,0
